<?xml version="1.0" encoding="UTF-8"?>
<project-private xmlns="http://www.netbeans.org/ns/project-private/1">
    <editor-bookmarks xmlns="http://www.netbeans.org/ns/editor-bookmarks/2" lastBookmarkId="0"/>
    <open-files xmlns="http://www.netbeans.org/ns/projectui-open-files/2">
        <group>
            <file>file:/C:/Users/ASUS/Desktop/New%20folder/2nd%20sem/JAVA/University%20Management%20System/src/university/management/system/dashboard.java</file>
            <file>file:/C:/Users/ASUS/Desktop/New%20folder/2nd%20sem/JAVA/University%20Management%20System/src/university/management/system/courses.java</file>
            <file>file:/C:/Users/ASUS/Desktop/New%20folder/2nd%20sem/JAVA/University%20Management%20System/src/university/management/system/fee.java</file>
            <file>file:/C:/Users/ASUS/Desktop/New%20folder/2nd%20sem/JAVA/University%20Management%20System/src/university/management/system/UniversityManagementSystem.java</file>
            <file>file:/C:/Users/ASUS/Desktop/New%20folder/2nd%20sem/JAVA/University%20Management%20System/src/university/management/system/student.java</file>
            <file>file:/C:/Users/ASUS/Desktop/New%20folder/2nd%20sem/JAVA/University%20Management%20System/src/university/management/system/Loginpage.java</file>
            <file>file:/C:/Users/ASUS/Desktop/New%20folder/2nd%20sem/JAVA/University%20Management%20System/src/university/management/system/staff.java</file>
            <file>file:/C:/Users/ASUS/Desktop/New%20folder/2nd%20sem/JAVA/University%20Management%20System/src/university/management/system/dept.java</file>
        </group>
    </open-files>
</project-private>
